Entity,Code,Year,$1.90 - total number of people below poverty line
Albania,ALB,1996,29167
Albania,ALB,2002,47927
Albania,ALB,2005,25915
Albania,ALB,2008,9244
Albania,ALB,2012,24646
Albania,ALB,2014,45674
Albania,ALB,2015,7061
Albania,ALB,2016,11802
Albania,ALB,2017,12312
Albania,ALB,2018,3462
Albania,ALB,2019,0
Algeria,DZA,1988,1527940
Algeria,DZA,1995,1617370
Algeria,DZA,2011,164744
Angola,AGO,2000,5963769
Angola,AGO,2008,7473465
Angola,AGO,2018,15374994
Argentina - urban,,1980,110960
Argentina - urban,,1986,321182
Argentina - urban,,1987,382906
Argentina - urban,,1991,370218
Argentina - urban,,1992,722646
Argentina - urban,,1993,840090
Argentina - urban,,1994,809338
Argentina - urban,,1995,1512228
Argentina - urban,,1996,1651404
Argentina - urban,,1997,1522378
Argentina - urban,,1998,1784806
Argentina - urban,,1999,1793640
Argentina - urban,,2000,2232258
Argentina - urban,,2001,3556080
Argentina - urban,,2002,5714019
Argentina - urban,,2003,2687826
Argentina - urban,,2004,1986014
Argentina - urban,,2005,1459857
Argentina - urban,,2006,1155774
Argentina - urban,,2007,934186
Argentina - urban,,2008,902129
Argentina - urban,,2009,859954
Argentina - urban,,2010,534381
Argentina - urban,,2011,426273
Argentina - urban,,2012,439431
Argentina - urban,,2013,391208
Argentina - urban,,2014,362156
Argentina - urban,,2016,427714
Argentina - urban,,2017,371187
Argentina - urban,,2018,559947
Argentina - urban,,2019,537539
Argentina - urban,,2020,685646
Armenia,ARM,1996,450398
Armenia,ARM,1999,377222
Armenia,ARM,2001,438112
Armenia,ARM,2002,319008
Armenia,ARM,2003,236953
Armenia,ARM,2004,164309
Armenia,ARM,2005,80074
Armenia,ARM,2006,63367
Armenia,ARM,2007,47758
Armenia,ARM,2008,25959
Armenia,ARM,2009,38548
Armenia,ARM,2010,28038
Armenia,ARM,2011,34774
Armenia,ARM,2012,26448
Armenia,ARM,2013,51203
Armenia,ARM,2014,44900
Armenia,ARM,2015,36882
Armenia,ARM,2016,34147
Armenia,ARM,2017,25938
Armenia,ARM,2018,41606
Armenia,ARM,2019,31914
Armenia,ARM,2020,11501
Australia,AUS,1981,148300
Australia,AUS,1985,157786
Australia,AUS,1989,125145
Australia,AUS,1995,135501
Australia,AUS,2001,145095
Australia,AUS,2003,198423
Australia,AUS,2004,100491
Australia,AUS,2008,76759
Australia,AUS,2010,76928
Australia,AUS,2014,117022
Australia,AUS,2016,120650
Australia,AUS,2018,124187
Austria,AUT,1987,0
Austria,AUT,1994,19713
Austria,AUT,1995,79008
Austria,AUT,1997,16659
Austria,AUT,2000,19357
Austria,AUT,2003,26980
Austria,AUT,2004,6673
Austria,AUT,2005,12645
Austria,AUT,2006,7451
Austria,AUT,2007,30883
Austria,AUT,2008,39208
Austria,AUT,2009,54752
Austria,AUT,2010,41039
Austria,AUT,2011,34859
Austria,AUT,2012,52006
Austria,AUT,2013,28662
Austria,AUT,2014,19166
Austria,AUT,2015,58528
Austria,AUT,2016,58017
Austria,AUT,2017,27984
Austria,AUT,2018,50246
Austria,AUT,2019,56888
Azerbaijan,AZE,1995,544152
Azerbaijan,AZE,2001,209491
Azerbaijan,AZE,2002,3501
Azerbaijan,AZE,2003,0
Azerbaijan,AZE,2004,0
Azerbaijan,AZE,2005,0
Bangladesh,BGD,1983,33427523
Bangladesh,BGD,1985,31025785
Bangladesh,BGD,1988,42440588
Bangladesh,BGD,1991,45903941
Bangladesh,BGD,1995,40353394
Bangladesh,BGD,2000,43686943
Bangladesh,BGD,2005,34922719
Bangladesh,BGD,2010,28301392
Bangladesh,BGD,2016,22629510
Belarus,BLR,1993,9147
Belarus,BLR,1995,73800
Belarus,BLR,1998,1188129
Belarus,BLR,1999,1063112
Belarus,BLR,2000,731694
Belarus,BLR,2001,320021
Belarus,BLR,2002,209581
Belarus,BLR,2003,141482
Belarus,BLR,2004,31220
Belarus,BLR,2005,35955
Belarus,BLR,2006,10348
Belarus,BLR,2007,8008
Belarus,BLR,2008,0
Belarus,BLR,2009,2744
Belarus,BLR,2010,0
Belarus,BLR,2011,0
Belarus,BLR,2012,0
Belarus,BLR,2013,0
Belarus,BLR,2014,0
Belarus,BLR,2015,0
Belarus,BLR,2016,0
Belarus,BLR,2017,0
Belarus,BLR,2018,0
Belarus,BLR,2019,0
Belarus,BLR,2020,0
Belgium,BEL,1985,23678
Belgium,BEL,1988,47311
Belgium,BEL,1992,98772
Belgium,BEL,1995,41805
Belgium,BEL,1997,50141
Belgium,BEL,2000,31318
Belgium,BEL,2003,30549
Belgium,BEL,2004,5421
Belgium,BEL,2005,20231
Belgium,BEL,2006,17820
Belgium,BEL,2007,16093
Belgium,BEL,2008,12682
Belgium,BEL,2009,11615
Belgium,BEL,2010,14940
Belgium,BEL,2011,18574
Belgium,BEL,2012,17390
Belgium,BEL,2013,16126
Belgium,BEL,2014,8574
Belgium,BEL,2015,7977
Belgium,BEL,2016,6778
Belgium,BEL,2017,16820
Belgium,BEL,2018,9269
Belgium,BEL,2019,9025
Belize,BLZ,1993,19884
Belize,BLZ,1994,19660
Belize,BLZ,1995,25429
Belize,BLZ,1996,28336
Belize,BLZ,1997,35453
Belize,BLZ,1998,32610
Belize,BLZ,1999,33261
Benin,BEN,2003,3867605
Benin,BEN,2011,5032472
Benin,BEN,2015,5246300
Benin,BEN,2018,2201151
Bhutan,BTN,2003,111522
Bhutan,BTN,2007,54378
Bhutan,BTN,2012,15325
Bhutan,BTN,2017,11501
Bolivia,BOL,1997,1528358
Bolivia,BOL,1999,2079288
Bolivia,BOL,2000,2404872
Bolivia,BOL,2001,1954798
Bolivia,BOL,2002,2147500
Bolivia,BOL,2004,1230388
Bolivia,BOL,2005,1772533
Bolivia,BOL,2006,1510093
Bolivia,BOL,2007,1189345
Bolivia,BOL,2008,1069398
Bolivia,BOL,2009,1022551
Bolivia,BOL,2011,736099
Bolivia,BOL,2012,846917
Bolivia,BOL,2013,725746
Bolivia,BOL,2014,611843
Bolivia,BOL,2015,684629
Bolivia,BOL,2016,823598
Bolivia,BOL,2017,732718
Bolivia,BOL,2018,556745
Bolivia,BOL,2019,373150
Bolivia,BOL,2020,514452
Bolivia - urban,,1990,266727
Bolivia - urban,,1992,618276
Bosnia and Herzegovina,BIH,2001,11689
Bosnia and Herzegovina,BIH,2004,6040
Bosnia and Herzegovina,BIH,2007,2192
Bosnia and Herzegovina,BIH,2011,2160
Botswana,BWA,1985,437654
Botswana,BWA,1993,465620
Botswana,BWA,2002,480241
Botswana,BWA,2009,336861
Botswana,BWA,2015,307335
Brazil,BRA,1981,26309395
Brazil,BRA,1982,27448281
Brazil,BRA,1983,35486084
Brazil,BRA,1984,35377991
Brazil,BRA,1985,31203041
Brazil,BRA,1986,14444696
Brazil,BRA,1987,24918450
Brazil,BRA,1988,28780402
Brazil,BRA,1989,26686950
Brazil,BRA,1990,32050385
Brazil,BRA,1992,32008731
Brazil,BRA,1993,31106880
Brazil,BRA,1995,20970426
Brazil,BRA,1996,23237350
Brazil,BRA,1997,23331677
Brazil,BRA,1998,21545742
Brazil,BRA,1999,22966106
Brazil,BRA,2001,20438280
Brazil,BRA,2002,18390409
Brazil,BRA,2003,20025066
Brazil,BRA,2004,17811419
Brazil,BRA,2005,15966545
Brazil,BRA,2006,13488999
Brazil,BRA,2007,12832204
Brazil,BRA,2008,10630586
Brazil,BRA,2009,10426534
Brazil,BRA,2011,9275949
Brazil,BRA,2012,7755483
Brazil,BRA,2013,6465832
Brazil,BRA,2014,5839313
Brazil,BRA,2015,6889556
Brazil,BRA,2016,8481241
Brazil,BRA,2017,9690219
Brazil,BRA,2018,9771389
Brazil,BRA,2019,10255844
Brazil,BRA,2020,3670284
Bulgaria,BGR,1989,4680
Bulgaria,BGR,1992,0
Bulgaria,BGR,1994,21454
Bulgaria,BGR,1995,92821
Bulgaria,BGR,1997,42931
Bulgaria,BGR,2001,200792
Bulgaria,BGR,2003,68539
Bulgaria,BGR,2006,427143
Bulgaria,BGR,2007,33365
Bulgaria,BGR,2008,91068
Bulgaria,BGR,2009,96398
Bulgaria,BGR,2010,146295
Bulgaria,BGR,2011,179772
Bulgaria,BGR,2012,160742
Bulgaria,BGR,2013,129593
Bulgaria,BGR,2014,117834
Bulgaria,BGR,2015,243681
Bulgaria,BGR,2016,138881
Bulgaria,BGR,2017,97065
Bulgaria,BGR,2018,61150
Bulgaria,BGR,2019,63627
Burkina Faso,BFA,1994,8171045
Burkina Faso,BFA,1998,8954738
Burkina Faso,BFA,2003,7263700
Burkina Faso,BFA,2009,8390407
Burkina Faso,BFA,2014,7710391
Burkina Faso,BFA,2018,6648555
Burundi,BDI,1992,4656103
Burundi,BDI,1998,5239589
Burundi,BDI,2006,5979984
Burundi,BDI,2013,6945326
Cameroon,CMR,1996,7148621
Cameroon,CMR,2001,4143724
Cameroon,CMR,2007,5951909
Cameroon,CMR,2014,5891510
Canada,CAN,1971,494056
Canada,CAN,1975,230973
Canada,CAN,1981,122789
Canada,CAN,1987,58473
Canada,CAN,1991,61002
Canada,CAN,1994,71963
Canada,CAN,1997,149311
Canada,CAN,1998,150569
Canada,CAN,2000,76656
Canada,CAN,2004,77794
Canada,CAN,2007,81648
Canada,CAN,2010,84615
Canada,CAN,2012,85578
Canada,CAN,2013,174182
Canada,CAN,2014,85815
Canada,CAN,2015,87795
Canada,CAN,2016,89809
Canada,CAN,2017,90271
Cape Verde,CPV,2001,72226
Cape Verde,CPV,2007,39710
Cape Verde,CPV,2015,17583
Central African Republic,CAF,1992,2489617
Central African Republic,CAF,2008,2817271
Chad,TCD,2003,5623362
Chad,TCD,2011,4706767
Chad,TCD,2018,5137466
Chile,CHL,1987,1442451
Chile,CHL,1990,1051895
Chile,CHL,1992,626509
Chile,CHL,1994,689153
Chile,CHL,1996,489315
Chile,CHL,1998,521601
Chile,CHL,2000,656967
Chile,CHL,2003,635870
Chile,CHL,2006,237197
Chile,CHL,2009,217796
Chile,CHL,2011,105069
Chile,CHL,2013,62849
Chile,CHL,2015,54413
Chile,CHL,2017,53119
Chile,CHL,2020,128969
China,CHN,1981,875524371
China,CHN,1984,780039224
China,CHN,1987,655544324
China,CHN,1990,752268639
China,CHN,1993,668104363
China,CHN,1996,507983690
China,CHN,1999,504291008
China,CHN,2002,405848449
China,CHN,2005,241655350
China,CHN,2008,196750282
China,CHN,2010,149895297
China,CHN,2011,106752648
China,CHN,2012,87982556
China,CHN,2013,25363242
China,CHN,2014,18690656
China,CHN,2015,10034379
China,CHN,2016,7286907
China,CHN,2017,5940525
China,CHN,2018,3949103
China,CHN,2019,1252245
China - rural,,1981,757198384
China - rural,,1984,682439735
China - rural,,1987,592162203
China - rural,,1990,656184321
China - rural,,1993,596996828
China - rural,,1996,454542915
China - rural,,1999,456752126
China - rural,,2002,381720879
China - rural,,2005,226884229
China - rural,,2008,188487583
China - rural,,2010,144967240
China - rural,,2011,103077826
China - rural,,2012,85046406
China - rural,,2013,21718796
China - rural,,2014,15073235
China - rural,,2015,7667893
China - rural,,2016,5958920
China - rural,,2017,4822566
China - rural,,2018,3309149
China - rural,,2019,908309
China - urban,,1981,118325986
China - urban,,1984,97599488
China - urban,,1987,63382121
China - urban,,1990,96084319
China - urban,,1993,71107535
China - urban,,1996,53440776
China - urban,,1999,47538882
China - urban,,2002,24127570
China - urban,,2005,14771121
China - urban,,2008,8262699
China - urban,,2010,4928057
China - urban,,2011,3674822
China - urban,,2012,2936150
China - urban,,2013,3644446
China - urban,,2014,3617421
China - urban,,2015,2366486
China - urban,,2016,1327987
China - urban,,2017,1117959
China - urban,,2018,639955
China - urban,,2019,343935
Colombia,COL,1992,3082426
Colombia,COL,1996,6176451
Colombia,COL,1999,7941725
Colombia,COL,2000,6639212
Colombia,COL,2001,8109995
Colombia,COL,2002,5379723
Colombia,COL,2003,5033266
Colombia,COL,2004,4708167
Colombia,COL,2005,4181299
Colombia,COL,2008,4600740
Colombia,COL,2009,4015773
Colombia,COL,2010,3505587
Colombia,COL,2011,2896591
Colombia,COL,2012,2878782
Colombia,COL,2013,2625506
Colombia,COL,2014,2364568
Colombia,COL,2015,2185949
Colombia,COL,2016,2181402
Colombia,COL,2017,1969911
Colombia,COL,2018,2079585
Colombia,COL,2019,2487137
Colombia,COL,2020,5249036
Colombia - urban,,1980,3391694
Colombia - urban,,1988,3142930
Colombia - urban,,1989,2976415
Colombia - urban,,1991,2976528
Comoros,COM,2004,89486
Comoros,COM,2014,144822
Congo,COG,2005,1995825
Congo,COG,2011,1738946
Costa Rica,CRI,1981,617583
Costa Rica,CRI,1986,378541
Costa Rica,CRI,1989,317108
Costa Rica,CRI,1990,318662
Costa Rica,CRI,1991,378970
Costa Rica,CRI,1992,318995
Costa Rica,CRI,1993,273504
Costa Rica,CRI,1994,234383
Costa Rica,CRI,1995,247160
Costa Rica,CRI,1996,293329
Costa Rica,CRI,1997,245667
Costa Rica,CRI,1998,193693
Costa Rica,CRI,1999,255410
Costa Rica,CRI,2000,266276
Costa Rica,CRI,2001,196036
Costa Rica,CRI,2002,187350
Costa Rica,CRI,2003,190417
Costa Rica,CRI,2004,185320
Costa Rica,CRI,2005,137063
Costa Rica,CRI,2006,138332
Costa Rica,CRI,2007,77391
Costa Rica,CRI,2008,104615
Costa Rica,CRI,2009,110110
Costa Rica,CRI,2010,67100
Costa Rica,CRI,2011,76315
Costa Rica,CRI,2012,76575
Costa Rica,CRI,2013,75254
Costa Rica,CRI,2014,71603
Costa Rica,CRI,2015,74728
Costa Rica,CRI,2016,62012
Costa Rica,CRI,2017,52368
Costa Rica,CRI,2018,72772
Costa Rica,CRI,2019,51123
Costa Rica,CRI,2020,105117
Cote d'Ivoire,CIV,1985,751881
Cote d'Ivoire,CIV,1986,363924
Cote d'Ivoire,CIV,1987,792472
Cote d'Ivoire,CIV,1988,1316491
Cote d'Ivoire,CIV,1992,3037359
Cote d'Ivoire,CIV,1995,3067415
Cote d'Ivoire,CIV,1998,4215941
Cote d'Ivoire,CIV,2002,4200585
Cote d'Ivoire,CIV,2008,5967361
Cote d'Ivoire,CIV,2015,6929308
Cote d'Ivoire,CIV,2018,2302506
Croatia,HRV,1998,0
Croatia,HRV,1999,10640
Croatia,HRV,2000,3992
Croatia,HRV,2001,3316
Croatia,HRV,2004,0
Croatia,HRV,2008,0
Croatia,HRV,2009,1482
Croatia,HRV,2010,0
Croatia,HRV,2011,28463
Croatia,HRV,2012,35658
Croatia,HRV,2013,31018
Croatia,HRV,2014,41613
Croatia,HRV,2015,25654
Croatia,HRV,2016,25906
Croatia,HRV,2017,21850
Croatia,HRV,2018,17886
Croatia,HRV,2019,10567
Cyprus,CYP,2004,950
Cyprus,CYP,2005,65
Cyprus,CYP,2006,0
Cyprus,CYP,2007,268
Cyprus,CYP,2008,92
Cyprus,CYP,2009,1229
Cyprus,CYP,2010,246
Cyprus,CYP,2011,90
Cyprus,CYP,2012,48
Cyprus,CYP,2013,1110
Cyprus,CYP,2014,903
Cyprus,CYP,2015,0
Cyprus,CYP,2016,482
Cyprus,CYP,2017,387
Cyprus,CYP,2018,196
Cyprus,CYP,2019,1844
Czechia,CZE,1992,0
Czechia,CZE,1993,1663
Czechia,CZE,1996,0
Czechia,CZE,2002,0
Czechia,CZE,2004,0
Czechia,CZE,2005,504
Czechia,CZE,2006,6738
Czechia,CZE,2007,11937
Czechia,CZE,2008,3404
Czechia,CZE,2009,1257
Czechia,CZE,2010,3789
Czechia,CZE,2011,4835
Czechia,CZE,2012,3385
Czechia,CZE,2013,4804
Czechia,CZE,2014,0
Czechia,CZE,2015,924
Czechia,CZE,2016,0
Czechia,CZE,2017,0
Czechia,CZE,2018,942
Czechia,CZE,2019,0
Democratic Republic of Congo,COD,2004,50032790
Democratic Republic of Congo,COD,2012,53251043
Denmark,DNK,1987,25502
Denmark,DNK,1992,25544
Denmark,DNK,1995,0
Denmark,DNK,2000,0
Denmark,DNK,2003,18504
Denmark,DNK,2004,17023
Denmark,DNK,2005,13811
Denmark,DNK,2006,7477
Denmark,DNK,2007,760
Denmark,DNK,2008,6219
Denmark,DNK,2009,27327
Denmark,DNK,2010,3178
Denmark,DNK,2011,0
Denmark,DNK,2012,0
Denmark,DNK,2013,17458
Denmark,DNK,2014,11434
Denmark,DNK,2015,9970
Denmark,DNK,2016,15946
Denmark,DNK,2017,8123
Denmark,DNK,2018,9856
Denmark,DNK,2019,14618
Djibouti,DJI,2002,150853
Djibouti,DJI,2012,157839
Djibouti,DJI,2013,197123
Djibouti,DJI,2017,160563
Dominican Republic,DOM,1986,361359
Dominican Republic,DOM,1989,986288
Dominican Republic,DOM,1992,418462
Dominican Republic,DOM,1996,424130
Dominican Republic,DOM,1997,455222
Dominican Republic,DOM,2000,469936
Dominican Republic,DOM,2001,353141
Dominican Republic,DOM,2002,515757
Dominican Republic,DOM,2003,611598
Dominican Republic,DOM,2004,805359
Dominican Republic,DOM,2005,534747
Dominican Republic,DOM,2006,430923
Dominican Republic,DOM,2007,418694
Dominican Republic,DOM,2008,373214
Dominican Republic,DOM,2009,339939
Dominican Republic,DOM,2010,261257
Dominican Republic,DOM,2011,285755
Dominican Republic,DOM,2012,258086
Dominican Republic,DOM,2013,217593
Dominican Republic,DOM,2014,211347
Dominican Republic,DOM,2015,183100
Dominican Republic,DOM,2016,170162
Dominican Republic,DOM,2017,72746
Dominican Republic,DOM,2018,46227
Dominican Republic,DOM,2019,60725
Dominican Republic,DOM,2020,83335
East Asia and Pacific,,1981,1108347252
East Asia and Pacific,,1982,1096150698
East Asia and Pacific,,1983,1069353368
East Asia and Pacific,,1984,1012181870
East Asia and Pacific,,1985,969112885
East Asia and Pacific,,1986,941611284
East Asia and Pacific,,1987,897438896
East Asia and Pacific,,1988,827496691
East Asia and Pacific,,1989,1000852602
East Asia and Pacific,,1990,977088368
East Asia and Pacific,,1991,959416121
East Asia and Pacific,,1992,927808316
East Asia and Pacific,,1993,891527725
East Asia and Pacific,,1994,843485756
East Asia and Pacific,,1995,765857310
East Asia and Pacific,,1996,699471829
East Asia and Pacific,,1997,706249070
East Asia and Pacific,,1998,737279471
East Asia and Pacific,,1999,681207380
East Asia and Pacific,,2000,631964512
East Asia and Pacific,,2001,600142453
East Asia and Pacific,,2002,537870540
East Asia and Pacific,,2003,482622806
East Asia and Pacific,,2004,422843136
East Asia and Pacific,,2005,347048056
East Asia and Pacific,,2006,340904969
East Asia and Pacific,,2007,302146535
East Asia and Pacific,,2008,285557459
East Asia and Pacific,,2009,250938372
East Asia and Pacific,,2010,211739300
East Asia and Pacific,,2011,161144385
East Asia and Pacific,,2012,137081649
East Asia and Pacific,,2013,65562329
East Asia and Pacific,,2014,53808953
East Asia and Pacific,,2015,42092020
East Asia and Pacific,,2016,35440679
East Asia and Pacific,,2017,30207381
East Asia and Pacific,,2018,25022207
East Asia and Pacific,,2019,18331413
Ecuador,ECU,1994,1941118
Ecuador,ECU,1999,2722758
Ecuador,ECU,2000,3605296
Ecuador,ECU,2003,1987903
Ecuador,ECU,2004,2047454
Ecuador,ECU,2005,1631934
Ecuador,ECU,2006,1147767
Ecuador,ECU,2007,1219184
Ecuador,ECU,2008,1092209
Ecuador,ECU,2009,1081643
Ecuador,ECU,2010,855033
Ecuador,ECU,2011,714499
Ecuador,ECU,2012,695394
Ecuador,ECU,2013,509629
Ecuador,ECU,2014,420529
Ecuador,ECU,2015,559878
Ecuador,ECU,2016,589964
Ecuador,ECU,2017,541062
Ecuador,ECU,2018,568281
Ecuador,ECU,2019,622600
Ecuador,ECU,2020,1150194
Ecuador - urban,,1987,888092
Ecuador - urban,,1995,913760
Ecuador - urban,,1998,1156485
Egypt,EGY,1990,4856109
Egypt,EGY,1995,3498127
Egypt,EGY,1999,1605312
Egypt,EGY,2004,3831529
Egypt,EGY,2008,3729941
Egypt,EGY,2010,1780481
Egypt,EGY,2012,1282806
Egypt,EGY,2015,1488026
Egypt,EGY,2017,3670571
El Salvador,SLV,1989,946877
El Salvador,SLV,1991,1117179
El Salvador,SLV,1995,713168
El Salvador,SLV,1996,825609
El Salvador,SLV,1998,1177579
El Salvador,SLV,1999,961597
El Salvador,SLV,2000,729906
El Salvador,SLV,2001,807290
El Salvador,SLV,2002,843056
El Salvador,SLV,2003,904108
El Salvador,SLV,2004,664508
El Salvador,SLV,2005,639201
El Salvador,SLV,2006,429998
El Salvador,SLV,2007,286275
El Salvador,SLV,2008,429749
El Salvador,SLV,2009,417859
El Salvador,SLV,2010,353421
El Salvador,SLV,2011,294262
El Salvador,SLV,2012,263232
El Salvador,SLV,2013,210642
El Salvador,SLV,2014,195110
El Salvador,SLV,2015,125844
El Salvador,SLV,2016,147665
El Salvador,SLV,2017,121679
El Salvador,SLV,2018,97289
El Salvador,SLV,2019,80815
Estonia,EST,1993,17382
Estonia,EST,1995,6719
Estonia,EST,1998,1577
Estonia,EST,2000,17973
Estonia,EST,2001,13838
Estonia,EST,2002,13693
Estonia,EST,2003,13152
Estonia,EST,2004,6175
Estonia,EST,2005,10272
Estonia,EST,2006,9547
Estonia,EST,2007,5702
Estonia,EST,2008,4739
Estonia,EST,2009,7407
Estonia,EST,2010,9414
Estonia,EST,2011,13004
Estonia,EST,2012,9464
Estonia,EST,2013,11005
Estonia,EST,2014,8906
Estonia,EST,2015,7719
Estonia,EST,2016,6185
Estonia,EST,2017,3540
Estonia,EST,2018,3006
Estonia,EST,2019,6422
Eswatini,SWZ,1994,744808
Eswatini,SWZ,2000,492044
Eswatini,SWZ,2009,454712
Eswatini,SWZ,2016,324926
Ethiopia,ETH,1995,39339476
Ethiopia,ETH,1999,37208043
Ethiopia,ETH,2004,28618055
Ethiopia,ETH,2010,31176496
Ethiopia,ETH,2015,31056825
Ethiopia - rural,,1981,22918101
Europe and Central Asia,,1990,10570492
Europe and Central Asia,,1991,12855458
Europe and Central Asia,,1992,19640156
Europe and Central Asia,,1993,24122070
Europe and Central Asia,,1994,31510861
Europe and Central Asia,,1995,31807676
Europe and Central Asia,,1996,32018881
Europe and Central Asia,,1997,28138885
Europe and Central Asia,,1998,28194035
Europe and Central Asia,,1999,36876119
Europe and Central Asia,,2000,34860912
Europe and Central Asia,,2001,31059338
Europe and Central Asia,,2002,26865269
Europe and Central Asia,,2003,27155391
Europe and Central Asia,,2004,22634019
Europe and Central Asia,,2005,22041546
Europe and Central Asia,,2006,18635147
Europe and Central Asia,,2007,15610020
Europe and Central Asia,,2008,12756047
Europe and Central Asia,,2009,11831450
Europe and Central Asia,,2010,11269767
Europe and Central Asia,,2011,9773836
Europe and Central Asia,,2012,9100971
Europe and Central Asia,,2013,7892320
Europe and Central Asia,,2014,8872839
Europe and Central Asia,,2015,7475922
Europe and Central Asia,,2016,6457513
Europe and Central Asia,,2017,6467244
Europe and Central Asia,,2018,4903270
Europe and Central Asia,,2019,5213034
Fiji,FJI,2002,18459
Fiji,FJI,2008,13743
Fiji,FJI,2013,4160
Fiji,FJI,2019,16432
Finland,FIN,1987,0
Finland,FIN,1991,0
Finland,FIN,1995,0
Finland,FIN,2000,0
Finland,FIN,2003,2569
Finland,FIN,2004,1985
Finland,FIN,2005,2902
Finland,FIN,2006,4233
Finland,FIN,2007,3371
Finland,FIN,2008,2862
Finland,FIN,2009,2801
Finland,FIN,2010,2620
Finland,FIN,2011,2554
Finland,FIN,2012,2855
Finland,FIN,2013,4631
Finland,FIN,2014,3614
Finland,FIN,2015,3847
Finland,FIN,2016,2552
Finland,FIN,2017,3623
Finland,FIN,2018,3131
Finland,FIN,2019,2144
France,FRA,1978,541749
France,FRA,1984,843816
France,FRA,1989,573577
France,FRA,1994,0
France,FRA,2000,0
France,FRA,2003,97947
France,FRA,2004,28589
France,FRA,2005,27202
France,FRA,2006,17578
France,FRA,2007,9518
France,FRA,2008,6239
France,FRA,2009,28697
France,FRA,2010,53333
France,FRA,2011,16848
France,FRA,2012,35128
France,FRA,2013,39857
France,FRA,2014,12386
France,FRA,2015,88879
France,FRA,2016,38784
France,FRA,2017,9118
France,FRA,2018,14204
Gabon,GAB,2005,110861
Gabon,GAB,2017,69899
Gambia,GMB,1998,876936
Gambia,GMB,2003,669015
Gambia,GMB,2010,454634
Gambia,GMB,2015,214785
Georgia,GEO,1996,239495
Georgia,GEO,1997,693758
Georgia,GEO,1998,614083
Georgia,GEO,1999,770539
Georgia,GEO,2000,782825
Georgia,GEO,2001,764167
Georgia,GEO,2002,411392
Georgia,GEO,2003,411500
Georgia,GEO,2004,390723
Georgia,GEO,2005,418267
Georgia,GEO,2006,398354
Georgia,GEO,2007,446978
Georgia,GEO,2008,391348
Georgia,GEO,2009,385005
Georgia,GEO,2010,452747
Georgia,GEO,2011,416928
Georgia,GEO,2012,315618
Georgia,GEO,2013,239041
Georgia,GEO,2014,182907
Georgia,GEO,2015,137711
Georgia,GEO,2016,141775
Georgia,GEO,2017,185510
Georgia,GEO,2018,167267
Georgia,GEO,2019,140743
Georgia,GEO,2020,157233
Germany,DEU,1991,0
Germany,DEU,1992,0
Germany,DEU,1993,0
Germany,DEU,1994,153278
Germany,DEU,1995,198011
Germany,DEU,1996,0
Germany,DEU,1997,0
Germany,DEU,1998,0
Germany,DEU,1999,0
Germany,DEU,2000,0
Germany,DEU,2001,0
Germany,DEU,2002,0
Germany,DEU,2003,0
Germany,DEU,2004,0
Germany,DEU,2005,0
Germany,DEU,2006,0
Germany,DEU,2007,0
Germany,DEU,2008,0
Germany,DEU,2009,0
Germany,DEU,2010,0
Germany,DEU,2011,0
Germany,DEU,2012,0
Germany,DEU,2013,0
Germany,DEU,2014,0
Germany,DEU,2015,0
Germany,DEU,2016,0
Germany,DEU,2017,193048
Germany,DEU,2018,0
Ghana,GHA,1987,5494888
Ghana,GHA,1988,5625397
Ghana,GHA,1991,7280875
Ghana,GHA,1998,6286327
Ghana,GHA,2005,5095507
Ghana,GHA,2012,2902018
Ghana,GHA,2016,3604647
Greece,GRC,1995,183536
Greece,GRC,2000,53284
Greece,GRC,2003,57844
Greece,GRC,2004,71288
Greece,GRC,2005,37199
Greece,GRC,2006,60911
Greece,GRC,2007,55161
Greece,GRC,2008,38157
Greece,GRC,2009,69939
Greece,GRC,2010,108218
Greece,GRC,2011,130229
Greece,GRC,2012,162337
Greece,GRC,2013,109562
Greece,GRC,2014,166857
Greece,GRC,2015,151342
Greece,GRC,2016,113584
Greece,GRC,2017,95402
Greece,GRC,2018,14979
Greece,GRC,2019,77027
Guatemala,GTM,1986,3954676
Guatemala,GTM,1989,3192878
Guatemala,GTM,1998,1489457
Guatemala,GTM,2000,1078137
Guatemala,GTM,2006,1474163
Guatemala,GTM,2014,1343731
Guinea,GIN,1991,6001451
Guinea,GIN,1994,3523245
Guinea,GIN,2002,5409314
Guinea,GIN,2007,5554827
Guinea,GIN,2012,3844687
Guinea,GIN,2018,2878299
Guinea-Bissau,GNB,1993,460467
Guinea-Bissau,GNB,2002,710271
Guinea-Bissau,GNB,2010,1041334
Guinea-Bissau,GNB,2018,462342
Guyana,GUY,1992,216426
Guyana,GUY,1998,89025
Haiti,HTI,2001,5436179
Haiti,HTI,2012,2510345
High income countries,,1981,5290919
High income countries,,1982,5220713
High income countries,,1983,5244302
High income countries,,1984,5285226
High income countries,,1985,4870242
High income countries,,1986,4663762
High income countries,,1987,5019957
High income countries,,1988,4606350
High income countries,,1989,4077947
High income countries,,1990,4070622
High income countries,,1991,4057982
High income countries,,1992,4194210
High income countries,,1993,4547720
High income countries,,1994,4482187
High income countries,,1995,4485853
High income countries,,1996,4356472
High income countries,,1997,5148284
High income countries,,1998,5208773
High income countries,,1999,4942608
High income countries,,2000,4713282
High income countries,,2001,4739489
High income countries,,2002,4730433
High income countries,,2003,5544299
High income countries,,2004,5337526
High income countries,,2005,5480998
High income countries,,2006,5195278
High income countries,,2007,5153099
High income countries,,2008,5317524
High income countries,,2009,5385998
High income countries,,2010,5283394
High income countries,,2011,5936261
High income countries,,2012,6104628
High income countries,,2013,6785233
High income countries,,2014,7309667
High income countries,,2015,7930903
High income countries,,2016,6906909
High income countries,,2017,7673933
High income countries,,2018,6674078
High income countries,,2019,6657896
Honduras,HND,1989,2064475
Honduras,HND,1990,2228047
Honduras,HND,1991,1739859
Honduras,HND,1992,1531656
Honduras,HND,1993,1311770
Honduras,HND,1994,1495780
Honduras,HND,1995,1607663
Honduras,HND,1996,1842225
Honduras,HND,1997,1320681
Honduras,HND,1998,1653881
Honduras,HND,1999,1712337
Honduras,HND,2001,1479350
Honduras,HND,2002,1657179
Honduras,HND,2003,2024757
Honduras,HND,2004,2020749
Honduras,HND,2005,2021974
Honduras,HND,2006,1757426
Honduras,HND,2007,1371740
Honduras,HND,2008,1348090
Honduras,HND,2009,1154426
Honduras,HND,2010,1293925
Honduras,HND,2011,1355008
Honduras,HND,2012,1641834
Honduras,HND,2013,1444629
Honduras,HND,2014,1362813
Honduras,HND,2015,1360100
Honduras,HND,2016,1493573
Honduras,HND,2017,1455395
Honduras,HND,2018,1515862
Honduras,HND,2019,1440331
Honduras - urban,,1986,888132
Hungary,HUN,1987,5595
Hungary,HUN,1989,5526
Hungary,HUN,1991,149002
Hungary,HUN,1993,16837
Hungary,HUN,1994,96328
Hungary,HUN,1998,4346
Hungary,HUN,1999,1921
Hungary,HUN,2000,0
Hungary,HUN,2001,0
Hungary,HUN,2002,0
Hungary,HUN,2003,1837
Hungary,HUN,2004,0
Hungary,HUN,2005,0
Hungary,HUN,2006,0
Hungary,HUN,2007,0
Hungary,HUN,2008,1319
Hungary,HUN,2009,6220
Hungary,HUN,2010,5867
Hungary,HUN,2011,8239
Hungary,HUN,2012,30338
Hungary,HUN,2013,10599
Hungary,HUN,2014,63515
Hungary,HUN,2015,56090
Hungary,HUN,2016,130606
Hungary,HUN,2017,57939
Hungary,HUN,2018,20287
Hungary,HUN,2019,26483
Iceland,ISL,2003,0
Iceland,ISL,2004,497
Iceland,ISL,2005,110
Iceland,ISL,2006,446
Iceland,ISL,2007,251
Iceland,ISL,2008,193
Iceland,ISL,2009,310
Iceland,ISL,2010,475
Iceland,ISL,2011,393
Iceland,ISL,2012,108
Iceland,ISL,2013,152
Iceland,ISL,2014,0
Iceland,ISL,2015,114
Iceland,ISL,2016,0
Iceland,ISL,2017,0
India,IND,1977,411684231
India,IND,1983,422639999
India,IND,1987,414558161
India,IND,1993,441652537
India,IND,2004,450733450
India,IND,2009,399850883
India,IND,2011,281403393
India,IND,2015,245243536
India,IND,2016,239624427
India,IND,2017,178815073
India,IND,2018,149873986
India,IND,2019,136638377
India - rural,,1977,348919107
India - rural,,1983,355264882
India - rural,,1987,340068838
India - rural,,1993,365966330
India - rural,,2004,363877617
India - rural,,2009,320528705
India - rural,,2011,225804327
India - rural,,2015,193647195
India - rural,,2016,177669143
India - rural,,2017,129643596
India - rural,,2018,104151517
India - rural,,2019,106590085
India - urban,,1977,62765124
India - urban,,1983,67375117
India - urban,,1987,74489323
India - urban,,1993,75686207
India - urban,,2004,86855833
India - urban,,2009,79322177
India - urban,,2011,55599065
India - urban,,2015,51596340
India - urban,,2016,61955284
India - urban,,2017,49171477
India - urban,,2018,45722469
India - urban,,2019,30048292
Indonesia,IDN,1984,110649066
Indonesia,IDN,1987,117027957
Indonesia,IDN,1990,99652429
Indonesia,IDN,1993,104584794
Indonesia,IDN,1996,87062809
Indonesia,IDN,1998,129940799
Indonesia,IDN,1999,78047493
Indonesia,IDN,2000,73793205
Indonesia,IDN,2001,66946382
Indonesia,IDN,2002,41267908
Indonesia,IDN,2003,42614111
Indonesia,IDN,2004,46829310
Indonesia,IDN,2005,40688135
Indonesia,IDN,2006,54720404
Indonesia,IDN,2007,44860831
Indonesia,IDN,2008,44649114
Indonesia,IDN,2009,36949067
Indonesia,IDN,2010,32132959
Indonesia,IDN,2011,26775536
Indonesia,IDN,2012,23530307
Indonesia,IDN,2013,18411220
Indonesia,IDN,2014,15773950
Indonesia,IDN,2015,15020014
Indonesia,IDN,2016,13705553
Indonesia,IDN,2017,11790696
Indonesia,IDN,2018,9708235
Indonesia,IDN,2019,7299754
Indonesia,IDN,2020,6160511
Indonesia,IDN,2021,5978474
Indonesia - rural,,1984,92356660
Indonesia - rural,,1987,92880407
Indonesia - rural,,1990,79051231
Indonesia - rural,,1993,81115348
Indonesia - rural,,1996,66403928
Indonesia - rural,,1998,90981153
Indonesia - rural,,1999,54009402
Indonesia - rural,,2000,49709765
Indonesia - rural,,2001,46185925
Indonesia - rural,,2002,31693128
Indonesia - rural,,2003,31114411
Indonesia - rural,,2004,34939073
Indonesia - rural,,2005,29966727
Indonesia - rural,,2006,39036662
Indonesia - rural,,2007,31585500
Indonesia - rural,,2008,29755396
Indonesia - rural,,2009,23591420
Indonesia - rural,,2010,20224144
Indonesia - rural,,2011,15992011
Indonesia - rural,,2012,13440728
Indonesia - rural,,2013,9738717
Indonesia - rural,,2014,7864199
Indonesia - rural,,2015,7117009
Indonesia - rural,,2016,6612984
Indonesia - rural,,2017,5463222
Indonesia - rural,,2018,4632849
Indonesia - rural,,2019,3241322
Indonesia - rural,,2020,2514373
Indonesia - rural,,2021,2332287
Indonesia - urban,,1984,18292406
Indonesia - urban,,1987,24147550
Indonesia - urban,,1990,20601199
Indonesia - urban,,1993,23469447
Indonesia - urban,,1996,20658881
Indonesia - urban,,1998,38959646
Indonesia - urban,,1999,24038091
Indonesia - urban,,2000,24083440
Indonesia - urban,,2001,20760457
Indonesia - urban,,2002,9574780
Indonesia - urban,,2003,11499700
Indonesia - urban,,2004,11890237
Indonesia - urban,,2005,10721408
Indonesia - urban,,2006,15683742
Indonesia - urban,,2007,13275331
Indonesia - urban,,2008,14893718
Indonesia - urban,,2009,13357647
Indonesia - urban,,2010,11908815
Indonesia - urban,,2011,10783524
Indonesia - urban,,2012,10089579
Indonesia - urban,,2013,8672503
Indonesia - urban,,2014,7909751
Indonesia - urban,,2015,7903005
Indonesia - urban,,2016,7092569
Indonesia - urban,,2017,6327475
Indonesia - urban,,2018,5075385
Indonesia - urban,,2019,4058432
Indonesia - urban,,2020,3646138
Indonesia - urban,,2021,3646187
Iran,IRN,1986,3359629
Iran,IRN,1990,3514062
Iran,IRN,1994,1751240
Iran,IRN,1998,1825545
Iran,IRN,2005,433652
Iran,IRN,2006,391054
Iran,IRN,2009,809629
Iran,IRN,2013,128513
Iran,IRN,2014,325627
Iran,IRN,2015,330655
Iran,IRN,2016,305793
Iran,IRN,2017,287127
Iran,IRN,2018,447598
Iran,IRN,2019,496293
Iraq,IRQ,2006,423285
Iraq,IRQ,2012,526605
Ireland,IRL,1987,24398
Ireland,IRL,1994,5868
Ireland,IRL,1995,6355
Ireland,IRL,1996,8149
Ireland,IRL,2000,6784
Ireland,IRL,2002,9242
Ireland,IRL,2003,5101
Ireland,IRL,2004,1557
Ireland,IRL,2005,903
Ireland,IRL,2006,16938
Ireland,IRL,2007,3628
Ireland,IRL,2008,8104
Ireland,IRL,2009,19600
Ireland,IRL,2010,24751
Ireland,IRL,2011,21616
Ireland,IRL,2012,11369
Ireland,IRL,2013,30270
Ireland,IRL,2014,18116
Ireland,IRL,2015,15499
Ireland,IRL,2016,6238
Ireland,IRL,2017,11691
Ireland,IRL,2018,191
Israel,ISR,1979,0
Israel,ISR,1986,10124
Israel,ISR,1992,11031
Israel,ISR,1997,14334
Israel,ISR,2001,16032
Israel,ISR,2002,31564
Israel,ISR,2003,30954
Israel,ISR,2004,33986
Israel,ISR,2005,33494
Israel,ISR,2006,15868
Israel,ISR,2007,35313
Israel,ISR,2008,35339
Israel,ISR,2009,36801
Israel,ISR,2010,17357
Israel,ISR,2011,17921
Israel,ISR,2012,39131
Israel,ISR,2013,36572
Israel,ISR,2014,40457
Israel,ISR,2015,41385
Israel,ISR,2016,20630
Israel,ISR,2017,39857
Israel,ISR,2018,20948
Italy,ITA,1986,116443
Italy,ITA,1987,702388
Italy,ITA,1989,0
Italy,ITA,1991,140600
Italy,ITA,1993,695178
Italy,ITA,1995,421972
Italy,ITA,1998,991567
Italy,ITA,2000,711501
Italy,ITA,2003,440970
Italy,ITA,2004,348720
Italy,ITA,2005,366195
Italy,ITA,2006,379934
Italy,ITA,2007,397522
Italy,ITA,2008,410313
Italy,ITA,2009,527200
Italy,ITA,2010,745703
Italy,ITA,2011,686455
Italy,ITA,2012,697623
Italy,ITA,2013,823113
Italy,ITA,2014,748995
Italy,ITA,2015,1183558
Italy,ITA,2016,985723
Italy,ITA,2017,858463
Italy,ITA,2018,880736
Jamaica,JAM,1988,146631
Jamaica,JAM,1990,110590
Jamaica,JAM,1993,244351
Jamaica,JAM,1996,87711
Jamaica,JAM,1999,68827
Jamaica,JAM,2002,73593
Jamaica,JAM,2004,45122
Japan,JPN,2008,614479
Japan,JPN,2010,0
Japan,JPN,2013,927657
Jordan,JOR,1986,0
Jordan,JOR,1992,107684
Jordan,JOR,1997,71790
Jordan,JOR,2002,52374
Jordan,JOR,2006,17319
Jordan,JOR,2008,7752
Jordan,JOR,2010,7561
Kazakhstan,KAZ,1993,851979
Kazakhstan,KAZ,1996,920871
Kazakhstan,KAZ,2001,1316483
Kazakhstan,KAZ,2002,833767
Kazakhstan,KAZ,2003,549542
Kazakhstan,KAZ,2004,263330
Kazakhstan,KAZ,2005,881518
Kazakhstan,KAZ,2006,71278
Kazakhstan,KAZ,2007,34836
Kazakhstan,KAZ,2008,2156
Kazakhstan,KAZ,2009,15420
Kazakhstan,KAZ,2010,15444
Kazakhstan,KAZ,2011,5063
Kazakhstan,KAZ,2012,4223
Kazakhstan,KAZ,2013,3304
Kazakhstan,KAZ,2014,455
Kazakhstan,KAZ,2015,1889
Kazakhstan,KAZ,2016,2049
Kazakhstan,KAZ,2017,3502
Kazakhstan,KAZ,2018,1926
Kenya,KEN,1992,8020442
Kenya,KEN,1994,8540474
Kenya,KEN,1997,9475139
Kenya,KEN,2005,16077271
Kenya,KEN,2015,17752598
Kiribati,KIR,2006,12141
Kiribati,KIR,2019,1530
Kosovo,OWID_KOS,2003,33217
Kosovo,OWID_KOS,2005,59124
Kosovo,OWID_KOS,2006,61592
Kosovo,OWID_KOS,2009,56247
Kosovo,OWID_KOS,2010,43665
Kosovo,OWID_KOS,2011,30024
Kosovo,OWID_KOS,2012,10214
Kosovo,OWID_KOS,2013,5800
Kosovo,OWID_KOS,2014,17915
Kosovo,OWID_KOS,2015,12924
Kosovo,OWID_KOS,2016,13593
Kosovo,OWID_KOS,2017,7885
Kyrgyzstan,KGZ,1998,1299130
Kyrgyzstan,KGZ,2000,1721081
Kyrgyzstan,KGZ,2001,1551415
Kyrgyzstan,KGZ,2002,1412197
Kyrgyzstan,KGZ,2003,1126797
Kyrgyzstan,KGZ,2004,504774
Kyrgyzstan,KGZ,2005,622453
Kyrgyzstan,KGZ,2006,379289
Kyrgyzstan,KGZ,2007,417611
Kyrgyzstan,KGZ,2008,152682
Kyrgyzstan,KGZ,2009,73350
Kyrgyzstan,KGZ,2010,153446
Kyrgyzstan,KGZ,2011,50115
Kyrgyzstan,KGZ,2012,139180
Kyrgyzstan,KGZ,2013,127217
Kyrgyzstan,KGZ,2014,50389
Kyrgyzstan,KGZ,2015,109218
Kyrgyzstan,KGZ,2016,61120
Kyrgyzstan,KGZ,2017,67103
Kyrgyzstan,KGZ,2018,36028
Kyrgyzstan,KGZ,2019,35853
Kyrgyzstan,KGZ,2020,71303
Laos,LAO,1992,1400278
Laos,LAO,1997,2562944
Laos,LAO,2002,1762499
Laos,LAO,2007,1529529
Laos,LAO,2012,935321
Laos,LAO,2018,704956
Latin America and the Caribbean,,1981,50421692
Latin America and the Caribbean,,1982,53984705
Latin America and the Caribbean,,1983,65628538
Latin America and the Caribbean,,1984,66034608
Latin America and the Caribbean,,1985,62728045
Latin America and the Caribbean,,1986,46280929
Latin America and the Caribbean,,1987,57852891
Latin America and the Caribbean,,1988,63116578
Latin America and the Caribbean,,1989,61995093
Latin America and the Caribbean,,1990,68124083
Latin America and the Caribbean,,1991,65498048
Latin America and the Caribbean,,1992,66850300
Latin America and the Caribbean,,1993,67362472
Latin America and the Caribbean,,1994,63481304
Latin America and the Caribbean,,1995,64822684
Latin America and the Caribbean,,1996,74298597
Latin America and the Caribbean,,1997,71177927
Latin America and the Caribbean,,1998,68673964
Latin America and the Caribbean,,1999,70563277
Latin America and the Caribbean,,2000,65986481
Latin America and the Caribbean,,2001,65673762
Latin America and the Caribbean,,2002,63151566
Latin America and the Caribbean,,2003,61446177
Latin America and the Caribbean,,2004,56453236
Latin America and the Caribbean,,2005,54043983
Latin America and the Caribbean,,2006,44542366
Latin America and the Caribbean,,2007,42754475
Latin America and the Caribbean,,2008,40400255
Latin America and the Caribbean,,2009,38650908
Latin America and the Caribbean,,2010,35445339
Latin America and the Caribbean,,2011,33126133
Latin America and the Caribbean,,2012,28165389
Latin America and the Caribbean,,2013,25547270
Latin America and the Caribbean,,2014,24152353
Latin America and the Caribbean,,2015,24027199
Latin America and the Caribbean,,2016,25514231
Latin America and the Caribbean,,2017,25603214
Latin America and the Caribbean,,2018,25337029
Latin America and the Caribbean,,2019,26049414
Latvia,LVA,1993,0
Latvia,LVA,1995,0
Latvia,LVA,1996,37521
Latvia,LVA,1997,49441
Latvia,LVA,1998,39052
Latvia,LVA,2002,14263
Latvia,LVA,2003,12304
Latvia,LVA,2004,5711
Latvia,LVA,2005,50392
Latvia,LVA,2006,32226
Latvia,LVA,2007,469
Latvia,LVA,2008,591
Latvia,LVA,2009,6265
Latvia,LVA,2010,34316
Latvia,LVA,2011,19911
Latvia,LVA,2012,20992
Latvia,LVA,2013,22919
Latvia,LVA,2014,15778
Latvia,LVA,2015,12187
Latvia,LVA,2016,12405
Latvia,LVA,2017,14607
Latvia,LVA,2018,6590
Latvia,LVA,2019,4576
Lebanon,LBN,2011,0
Lesotho,LSO,1986,775357
Lesotho,LSO,1994,939139
Lesotho,LSO,2002,1257220
Lesotho,LSO,2017,569399
Liberia,LBR,2007,2471285
Liberia,LBR,2014,1818782
Liberia,LBR,2016,2038028
Lithuania,LTU,1993,243273
Lithuania,LTU,1996,0
Lithuania,LTU,1998,11450
Lithuania,LTU,1999,10330
Lithuania,LTU,2000,8582
Lithuania,LTU,2001,20080
Lithuania,LTU,2002,16256
Lithuania,LTU,2003,6649
Lithuania,LTU,2004,3123
Lithuania,LTU,2005,59198
Lithuania,LTU,2006,49801
Lithuania,LTU,2007,43285
Lithuania,LTU,2008,4778
Lithuania,LTU,2009,70952
Lithuania,LTU,2010,47523
Lithuania,LTU,2011,21214
Lithuania,LTU,2012,28318
Lithuania,LTU,2013,20852
Lithuania,LTU,2014,37007
Lithuania,LTU,2015,20911
Lithuania,LTU,2016,36441
Lithuania,LTU,2017,28921
Lithuania,LTU,2018,25915
Lithuania,LTU,2019,15310
Luxembourg,LUX,1985,0
Luxembourg,LUX,1991,0
Luxembourg,LUX,1994,0
Luxembourg,LUX,1997,0
Luxembourg,LUX,2000,0
Luxembourg,LUX,2003,324
Luxembourg,LUX,2004,83
Luxembourg,LUX,2005,161
Luxembourg,LUX,2006,0
Luxembourg,LUX,2007,105
Luxembourg,LUX,2008,0
Luxembourg,LUX,2009,220
Luxembourg,LUX,2010,0
Luxembourg,LUX,2011,609
Luxembourg,LUX,2012,232
Luxembourg,LUX,2013,484
Luxembourg,LUX,2014,778
Luxembourg,LUX,2015,1710
Luxembourg,LUX,2016,682
Luxembourg,LUX,2017,1688
Luxembourg,LUX,2018,1732
Luxembourg,LUX,2019,627
Madagascar,MDG,1980,3988191
Madagascar,MDG,1993,8865934
Madagascar,MDG,1997,9531080
Madagascar,MDG,1999,9768139
Madagascar,MDG,2001,11125272
Madagascar,MDG,2005,13151014
Madagascar,MDG,2010,16535754
Madagascar,MDG,2012,17618218
Malawi,MWI,1997,6408464
Malawi,MWI,2004,8922332
Malawi,MWI,2010,10338193
Malawi,MWI,2016,11907727
Malawi,MWI,2019,13696581
Malaysia,MYS,1984,439100
Malaysia,MYS,1987,352513
Malaysia,MYS,1989,286285
Malaysia,MYS,1992,243097
Malaysia,MYS,1995,362110
Malaysia,MYS,1997,87685
Malaysia,MYS,2003,303205
Malaysia,MYS,2006,156476
Malaysia,MYS,2008,150851
Malaysia,MYS,2011,31623
Malaysia,MYS,2013,7541
Malaysia,MYS,2015,3622
Maldives,MDV,2002,19154
Maldives,MDV,2009,12201
Maldives,MDV,2016,0
Maldives,MDV,2019,0
Mali,MLI,1994,7962254
Mali,MLI,2001,6629259
Mali,MLI,2006,6880383
Mali,MLI,2009,7333325
Mali,MLI,2018,3115509
Malta,MLT,2006,1820
Malta,MLT,2007,1669
Malta,MLT,2008,446
Malta,MLT,2009,1482
Malta,MLT,2010,803
Malta,MLT,2011,773
Malta,MLT,2012,494
Malta,MLT,2013,126
Malta,MLT,2014,0
Malta,MLT,2015,376
Malta,MLT,2016,419
Malta,MLT,2017,748
Malta,MLT,2018,501
Malta,MLT,2019,1536
Marshall Islands,MHL,2019,475
Mauritania,MRT,1987,752651
Mauritania,MRT,1993,904467
Mauritania,MRT,1995,477029
Mauritania,MRT,2000,536781
Mauritania,MRT,2004,496689
Mauritania,MRT,2008,359269
Mauritania,MRT,2014,234483
Mauritius,MUS,2006,5284
Mauritius,MUS,2012,6964
Mauritius,MUS,2017,2655
Mexico,MEX,1984,6201287
Mexico,MEX,1989,7499614
Mexico,MEX,1992,6455237
Mexico,MEX,1994,6724546
Mexico,MEX,1996,16894787
Mexico,MEX,1998,12399273
Mexico,MEX,2000,8885741
Mexico,MEX,2002,6723533
Mexico,MEX,2004,6235467
Mexico,MEX,2005,6962198
Mexico,MEX,2006,4473953
Mexico,MEX,2008,5991382
Mexico,MEX,2010,5160413
Mexico,MEX,2012,4503203
Mexico,MEX,2014,4479081
Mexico,MEX,2016,3984919
Mexico,MEX,2018,3348918
Mexico,MEX,2020,4011648
Micronesia (country),FSM,2005,8576
Micronesia (country),FSM,2013,16304
Micronesia (country) - urban,,2000,10133
Middle East and North Africa,,1985,16116152
Middle East and North Africa,,1986,16861407
Middle East and North Africa,,1987,17312459
Middle East and North Africa,,1988,17771915
Middle East and North Africa,,1989,17876730
Middle East and North Africa,,1990,14476419
Middle East and North Africa,,1991,23409295
Middle East and North Africa,,1992,19222412
Middle East and North Africa,,1993,16113613
Middle East and North Africa,,1994,15886258
Middle East and North Africa,,1995,16797440
Middle East and North Africa,,1996,15332621
Middle East and North Africa,,1997,13434624
Middle East and North Africa,,1998,11116773
Middle East and North Africa,,1999,10362919
Middle East and North Africa,,2000,9452492
Middle East and North Africa,,2001,9647371
Middle East and North Africa,,2003,12473601
Middle East and North Africa,,2004,9930528
Middle East and North Africa,,2005,9450203
Middle East and North Africa,,2006,9138154
Middle East and North Africa,,2007,9037346
Middle East and North Africa,,2008,8820140
Middle East and North Africa,,2009,8195994
Middle East and North Africa,,2010,6936159
Middle East and North Africa,,2011,7816728
Middle East and North Africa,,2012,7583122
Middle East and North Africa,,2013,7882568
Middle East and North Africa,,2014,9470472
Middle East and North Africa,,2015,17521484
Middle East and North Africa,,2016,20004752
Middle East and North Africa,,2017,22744407
Middle East and North Africa,,2018,29103108
Moldova,MDA,1997,450843
Moldova,MDA,1998,789036
Moldova,MDA,1999,1112875
Moldova,MDA,2000,1025837
Moldova,MDA,2001,785798
Moldova,MDA,2002,467931
Moldova,MDA,2003,213933
Moldova,MDA,2004,243004
Moldova,MDA,2005,381673
Moldova,MDA,2006,68394
Moldova,MDA,2007,31151
Moldova,MDA,2008,35765
Moldova,MDA,2009,28432
Moldova,MDA,2010,14636
Moldova,MDA,2011,7737
Moldova,MDA,2012,9717
Moldova,MDA,2013,2424
Moldova,MDA,2014,0
Moldova,MDA,2015,885
Moldova,MDA,2016,4620
Moldova,MDA,2017,1687
Moldova,MDA,2018,494
Moldova,MDA,2019,763
Mongolia,MNG,1995,278450
Mongolia,MNG,1998,575351
Mongolia,MNG,2002,231623
Mongolia,MNG,2007,31458
Mongolia,MNG,2010,19917
Mongolia,MNG,2011,13978
Mongolia,MNG,2012,9958
Mongolia,MNG,2014,6202
Mongolia,MNG,2016,14374
Mongolia,MNG,2018,15677
Montenegro,MNE,2005,1403
Montenegro,MNE,2006,0
Montenegro,MNE,2007,2221
Montenegro,MNE,2008,1159
Montenegro,MNE,2009,0
Montenegro,MNE,2010,0
Montenegro,MNE,2011,1310
Montenegro,MNE,2012,7846
Montenegro,MNE,2013,6450
Montenegro,MNE,2014,0
Montenegro,MNE,2015,8843
Montenegro,MNE,2016,15586
Montenegro,MNE,2017,20972
Montenegro,MNE,2018,17938
Morocco,MAR,1984,2334356
Morocco,MAR,1990,728664
Morocco,MAR,1998,1789712
Morocco,MAR,2000,1677947
Morocco,MAR,2006,916266
Morocco,MAR,2013,311259
Mozambique,MOZ,1996,13082904
Mozambique,MOZ,2002,14976425
Mozambique,MOZ,2008,15516296
Mozambique,MOZ,2014,16739306
Myanmar,MMR,2015,2510567
Myanmar,MMR,2017,728151
Namibia,NAM,1993,801805
Namibia,NAM,2003,612453
Namibia,NAM,2009,488516
Namibia,NAM,2015,319211
Nauru,NRU,2012,90
Nepal,NPL,1984,12889828
Nepal,NPL,1995,14246515
Nepal,NPL,2003,12516019
Nepal,NPL,2010,4048942
Netherlands,NLD,1983,65841
Netherlands,NLD,1987,36582
Netherlands,NLD,1990,142448
Netherlands,NLD,1993,148531
Netherlands,NLD,1999,32082
Netherlands,NLD,2004,38405
Netherlands,NLD,2005,24206
Netherlands,NLD,2006,7485
Netherlands,NLD,2007,4690
Netherlands,NLD,2008,21973
Netherlands,NLD,2009,18311
Netherlands,NLD,2010,7882
Netherlands,NLD,2011,16034
Netherlands,NLD,2012,12707
Netherlands,NLD,2013,14599
Netherlands,NLD,2014,9733
Netherlands,NLD,2015,8940
Netherlands,NLD,2016,7820
Netherlands,NLD,2017,32338
Netherlands,NLD,2018,17196
Netherlands,NLD,2019,16604
Nicaragua,NIC,1993,971855
Nicaragua,NIC,1998,775525
Nicaragua,NIC,2001,903526
Nicaragua,NIC,2005,871232
Nicaragua,NIC,2009,426192
Nicaragua,NIC,2014,209362
Niger,NER,1992,6728903
Niger,NER,1994,7483305
Niger,NER,2005,10255183
Niger,NER,2007,10625821
Niger,NER,2011,8666679
Niger,NER,2014,8734291
Niger,NER,2018,9281065
Nigeria,NGA,1985,46381216
Nigeria,NGA,1992,58663235
Nigeria,NGA,1996,71797311
Nigeria,NGA,2003,73781961
Nigeria,NGA,2010,69008845
Nigeria,NGA,2012,71051746
Nigeria,NGA,2015,73811268
Nigeria,NGA,2018,76558029
North Macedonia,MKD,1998,23710
North Macedonia,MKD,2000,105728
North Macedonia,MKD,2002,29425
North Macedonia,MKD,2003,25350
North Macedonia,MKD,2004,15568
North Macedonia,MKD,2005,32744
North Macedonia,MKD,2006,58961
North Macedonia,MKD,2008,13030
North Macedonia,MKD,2009,200741
North Macedonia,MKD,2010,214711
North Macedonia,MKD,2011,187061
North Macedonia,MKD,2012,142476
North Macedonia,MKD,2013,107860
North Macedonia,MKD,2014,93569
North Macedonia,MKD,2015,114668
North Macedonia,MKD,2016,89743
North Macedonia,MKD,2017,94495
North Macedonia,MKD,2018,70561
Norway,NOR,1979,9266
Norway,NOR,1986,10205
Norway,NOR,1991,10204
Norway,NOR,1995,9746
Norway,NOR,2000,10557
Norway,NOR,2003,8730
Norway,NOR,2004,12161
Norway,NOR,2005,9337
Norway,NOR,2006,6105
Norway,NOR,2007,5273
Norway,NOR,2008,10811
Norway,NOR,2009,2862
Norway,NOR,2010,7382
Norway,NOR,2011,4248
Norway,NOR,2012,5887
Norway,NOR,2013,6626
Norway,NOR,2014,5801
Norway,NOR,2015,7668
Norway,NOR,2016,13121
Norway,NOR,2017,13271
Norway,NOR,2018,13517
Norway,NOR,2019,8371
Pakistan,PAK,1987,63014875
Pakistan,PAK,1990,65268844
Pakistan,PAK,1996,23288456
Pakistan,PAK,1998,34306073
Pakistan,PAK,2001,41219421
Pakistan,PAK,2004,26184114
Pakistan,PAK,2005,26684615
Pakistan,PAK,2007,19946053
Pakistan,PAK,2010,13211915
Pakistan,PAK,2011,13261452
Pakistan,PAK,2013,10941089
Pakistan,PAK,2015,7503020
Pakistan,PAK,2018,7615392
Palestine,PSE,2004,24288
Palestine,PSE,2005,24178
Palestine,PSE,2006,10684
Palestine,PSE,2007,51494
Palestine,PSE,2009,10944
Palestine,PSE,2010,6623
Palestine,PSE,2011,7340
Palestine,PSE,2016,36162
Panama,PAN,1979,157041
Panama,PAN,1989,578827
Panama,PAN,1991,551761
Panama,PAN,1995,445887
Panama,PAN,1997,428303
Panama,PAN,1998,441367
Panama,PAN,1999,397872
Panama,PAN,2000,371393
Panama,PAN,2001,475269
Panama,PAN,2002,349056
Panama,PAN,2003,356666
Panama,PAN,2004,330936
Panama,PAN,2005,331105
Panama,PAN,2006,356380
Panama,PAN,2007,268470
Panama,PAN,2008,183336
Panama,PAN,2009,113353
Panama,PAN,2010,163419
Panama,PAN,2011,112689
Panama,PAN,2012,155458
Panama,PAN,2013,106874
Panama,PAN,2014,136971
Panama,PAN,2015,78533
Panama,PAN,2016,88640
Panama,PAN,2017,103618
Panama,PAN,2018,71159
Panama,PAN,2019,51710
Papua New Guinea,PNG,1996,2705322
Papua New Guinea,PNG,2009,2717327
Paraguay,PRY,1990,44145
Paraguay,PRY,1995,566155
Paraguay,PRY,1997,517357
Paraguay,PRY,1999,516359
Paraguay,PRY,2001,464255
Paraguay,PRY,2002,705697
Paraguay,PRY,2003,438734
Paraguay,PRY,2004,308000
Paraguay,PRY,2005,340566
Paraguay,PRY,2006,447561
Paraguay,PRY,2007,446008
Paraguay,PRY,2008,238181
Paraguay,PRY,2009,335116
Paraguay,PRY,2010,324507
Paraguay,PRY,2011,293110
Paraguay,PRY,2012,203869
Paraguay,PRY,2013,109118
Paraguay,PRY,2014,146447
Paraguay,PRY,2015,114360
Paraguay,PRY,2016,102917
Paraguay,PRY,2017,60954
Paraguay,PRY,2018,91336
Paraguay,PRY,2019,66878
Paraguay,PRY,2020,54464
Peru,PER,1985,531778
Peru,PER,1994,3513539
Peru,PER,1997,4373844
Peru,PER,1998,4217739
Peru,PER,1999,4443915
Peru,PER,2000,4327739
Peru,PER,2001,4648968
Peru,PER,2002,4085729
Peru,PER,2003,3272096
Peru,PER,2004,3743519
Peru,PER,2005,4302769
Peru,PER,2006,3780594
Peru,PER,2007,3149044
Peru,PER,2008,2590584
Peru,PER,2009,2030874
Peru,PER,2010,1597893
Peru,PER,2011,1526102
Peru,PER,2012,1416282
Peru,PER,2013,1296098
Peru,PER,2014,1119452
Peru,PER,2015,1107406
Peru,PER,2016,1088869
Peru,PER,2017,1072306
Peru,PER,2018,859797
Peru,PER,2019,729913
Peru,PER,2020,1461515
Philippines,PHL,1985,15084990
Philippines,PHL,1988,14596019
Philippines,PHL,1991,16700280
Philippines,PHL,1994,16861890
Philippines,PHL,1997,12722405
Philippines,PHL,2000,11168086
Philippines,PHL,2003,10746381
Philippines,PHL,2006,12697375
Philippines,PHL,2009,9656962
Philippines,PHL,2012,11495794
Philippines,PHL,2015,7950149
Philippines,PHL,2018,4969261
Poland,POL,1985,69555
Poland,POL,1986,91995
Poland,POL,1987,52038
Poland,POL,1989,33911
Poland,POL,1992,85786
Poland,POL,1993,53134
Poland,POL,1995,575125
Poland,POL,1996,934867
Poland,POL,1998,9359
Poland,POL,1999,24024
Poland,POL,2000,43754
Poland,POL,2001,28878
Poland,POL,2002,14967
Poland,POL,2003,15057
Poland,POL,2004,37377
Poland,POL,2005,52692
Poland,POL,2006,8619
Poland,POL,2007,6900
Poland,POL,2008,4816
Poland,POL,2009,5862
Poland,POL,2010,0
Poland,POL,2011,6348
Poland,POL,2012,7271
Poland,POL,2013,1481
Poland,POL,2014,872
Poland,POL,2015,0
Poland,POL,2016,1724
Poland,POL,2017,0
Poland,POL,2018,719
Poland,POL,2019,0
Portugal,PRT,2003,93700
Portugal,PRT,2004,50390
Portugal,PRT,2005,56013
Portugal,PRT,2006,9751
Portugal,PRT,2007,27171
Portugal,PRT,2008,14491
Portugal,PRT,2009,17532
Portugal,PRT,2010,14428
Portugal,PRT,2011,52930
Portugal,PRT,2012,68917
Portugal,PRT,2013,85780
Portugal,PRT,2014,54859
Portugal,PRT,2015,49967
Portugal,PRT,2016,38683
Portugal,PRT,2017,42282
Portugal,PRT,2018,29785
Portugal,PRT,2019,15298
Romania,ROU,1989,61678
Romania,ROU,1992,114948
Romania,ROU,1994,1716685
Romania,ROU,1995,339976
Romania,ROU,1997,450197
Romania,ROU,1998,309815
Romania,ROU,1999,986705
Romania,ROU,2000,1205028
Romania,ROU,2001,848188
Romania,ROU,2002,870531
Romania,ROU,2003,558191
Romania,ROU,2004,393432
Romania,ROU,2005,308165
Romania,ROU,2006,334608
Romania,ROU,2007,0
Romania,ROU,2008,0
Romania,ROU,2009,0
Romania,ROU,2010,0
Romania,ROU,2011,0
Romania,ROU,2012,0
Romania,ROU,2013,0
Romania,ROU,2014,1300268
Romania,ROU,2015,903116
Romania,ROU,2016,0
Romania,ROU,2017,601816
Romania,ROU,2018,0
Romania,ROU,2019,395455
Russia,RUS,1993,5509767
Russia,RUS,1996,7146086
Russia,RUS,1997,2359933
Russia,RUS,1998,3518906
Russia,RUS,1999,6696974
Russia,RUS,2000,4533650
Russia,RUS,2001,2679335
Russia,RUS,2002,1554679
Russia,RUS,2003,1649219
Russia,RUS,2004,1497023
Russia,RUS,2005,1176889
Russia,RUS,2006,662382
Russia,RUS,2007,303049
Russia,RUS,2008,138583
Russia,RUS,2009,101488
Russia,RUS,2010,125035
Russia,RUS,2011,56952
Russia,RUS,2012,48807
Russia,RUS,2013,13896
Russia,RUS,2014,31074
Russia,RUS,2015,54298
Russia,RUS,2016,42167
Russia,RUS,2017,62559
Russia,RUS,2018,45104
Russia,RUS,2019,45026
Russia,RUS,2020,14647
Rwanda,RWA,2000,6188444
Rwanda,RWA,2005,6110901
Rwanda,RWA,2010,6344899
Rwanda,RWA,2013,6259594
Rwanda,RWA,2016,6594759
Rwanda - rural,,1984,3606471
Saint Lucia,LCA,1995,50934
Saint Lucia,LCA,2016,8246
Samoa,WSM,2002,3607
Samoa,WSM,2008,1137
Samoa,WSM,2013,2174
Sao Tome and Principe,STP,2000,44641
Sao Tome and Principe,STP,2010,62397
Sao Tome and Principe,STP,2017,52925
Senegal,SEN,1991,5302353
Senegal,SEN,1994,4859410
Senegal,SEN,2001,4966643
Senegal,SEN,2005,4246861
Senegal,SEN,2011,5021641
Senegal,SEN,2018,1205289
Serbia,SRB,2002,9595
Serbia,SRB,2003,28461
Serbia,SRB,2004,59457
Serbia,SRB,2005,58614
Serbia,SRB,2006,34874
Serbia,SRB,2007,27261
Serbia,SRB,2008,8231
Serbia,SRB,2009,10579
Serbia,SRB,2010,7130
Serbia,SRB,2012,384444
Serbia,SRB,2013,16154
Serbia,SRB,2014,494535
Serbia,SRB,2015,5089
Serbia,SRB,2016,448654
Serbia,SRB,2017,379492
Serbia,SRB,2018,2587
Serbia,SRB,2019,3141
Seychelles,SYC,1999,610
Seychelles,SYC,2006,315
Seychelles,SYC,2013,1037
Seychelles,SYC,2018,438
Sierra Leone,SLE,1989,3101304
Sierra Leone,SLE,2003,3797621
Sierra Leone,SLE,2011,3588168
Sierra Leone,SLE,2018,3288877
Slovakia,SVK,1992,0
Slovakia,SVK,1996,66856
Slovakia,SVK,2004,4030
Slovakia,SVK,2005,2447
Slovakia,SVK,2006,0
Slovakia,SVK,2007,0
Slovakia,SVK,2008,0
Slovakia,SVK,2009,0
Slovakia,SVK,2010,26693
Slovakia,SVK,2011,22882
Slovakia,SVK,2012,16927
Slovakia,SVK,2013,15239
Slovakia,SVK,2014,34086
Slovakia,SVK,2015,35893
Slovakia,SVK,2016,72291
Slovakia,SVK,2017,10308
Slovakia,SVK,2018,9230
Slovakia,SVK,2019,5454
Slovenia,SVN,1987,320
Slovenia,SVN,1993,807
Slovenia,SVN,1997,0
Slovenia,SVN,1998,561
Slovenia,SVN,1999,0
Slovenia,SVN,2002,0
Slovenia,SVN,2003,0
Slovenia,SVN,2004,518
Slovenia,SVN,2005,1871
Slovenia,SVN,2006,1013
Slovenia,SVN,2007,653
Slovenia,SVN,2008,0
Slovenia,SVN,2009,0
Slovenia,SVN,2010,188
Slovenia,SVN,2011,0
Slovenia,SVN,2012,540
Slovenia,SVN,2013,448
Slovenia,SVN,2014,0
Slovenia,SVN,2015,100
Slovenia,SVN,2016,0
Slovenia,SVN,2017,0
Slovenia,SVN,2018,0
Slovenia,SVN,2019,0
Solomon Islands,SLB,2005,228520
Solomon Islands,SLB,2012,137114
Somalia,SOM,2017,10010464
South Africa,ZAF,1993,12475269
South Africa,ZAF,2000,15635344
South Africa,ZAF,2005,12294551
South Africa,ZAF,2008,8334075
South Africa,ZAF,2010,8283016
South Africa,ZAF,2014,10199330
South Asia,,1981,536545000
South Asia,,1982,545938371
South Asia,,1983,542380737
South Asia,,1984,539410563
South Asia,,1985,538187098
South Asia,,1986,542853817
South Asia,,1987,548635731
South Asia,,1988,546592734
South Asia,,1989,553148640
South Asia,,1990,561301855
South Asia,,1991,566191316
South Asia,,1992,557949282
South Asia,,1993,556366080
South Asia,,1994,558068922
South Asia,,1995,546627563
South Asia,,1996,540547499
South Asia,,2002,571774283
South Asia,,2003,565504487
South Asia,,2004,549587650
South Asia,,2005,530519020
South Asia,,2006,517350296
South Asia,,2007,497894888
South Asia,,2008,483706846
South Asia,,2009,473227709
South Asia,,2010,428000796
South Asia,,2011,355893744
South Asia,,2012,331504510
South Asia,,2013,321977966
South Asia,,2014,309624071
South Asia,,2015,291778472
South Asia,,2016,279428464
South Asia,,2017,225452398
South Asia,,2018,180829237
South Asia,,2019,154797077
South Korea,KOR,2006,120826
South Korea,KOR,2008,119085
South Korea,KOR,2010,245739
South Korea,KOR,2012,125139
South Korea,KOR,2014,119581
South Korea,KOR,2016,116093
South Sudan,SSD,2009,4102784
South Sudan,SSD,2016,8287288
Spain,ESP,1980,186304
Spain,ESP,1985,91294
Spain,ESP,1990,192170
Spain,ESP,1995,494497
Spain,ESP,2000,197720
Spain,ESP,2003,345406
Spain,ESP,2004,361013
Spain,ESP,2005,331075
Spain,ESP,2006,341696
Spain,ESP,2007,185682
Spain,ESP,2008,243744
Spain,ESP,2009,376887
Spain,ESP,2010,317965
Spain,ESP,2011,534940
Spain,ESP,2012,443857
Spain,ESP,2013,539291
Spain,ESP,2014,390547
Spain,ESP,2015,437270
Spain,ESP,2016,543601
Spain,ESP,2017,320448
Spain,ESP,2018,410630
Spain,ESP,2019,374646
Sri Lanka,LKA,1985,2279901
Sri Lanka,LKA,1990,1611589
Sri Lanka,LKA,1995,1735044
Sri Lanka,LKA,2002,1669929
Sri Lanka,LKA,2006,869918
Sri Lanka,LKA,2009,570150
Sri Lanka,LKA,2012,389566
Sri Lanka,LKA,2016,200447
Sub-Saharan Africa,,1990,280583869
Sub-Saharan Africa,,1991,297556239
Sub-Saharan Africa,,1992,313958935
Sub-Saharan Africa,,1993,330259563
Sub-Saharan Africa,,1994,342176140
Sub-Saharan Africa,,1995,348078626
Sub-Saharan Africa,,1996,351568962
Sub-Saharan Africa,,1997,359604022
Sub-Saharan Africa,,1998,368638851
Sub-Saharan Africa,,1999,377545713
Sub-Saharan Africa,,2000,384738570
Sub-Saharan Africa,,2001,390171576
Sub-Saharan Africa,,2002,393705439
Sub-Saharan Africa,,2003,396925139
Sub-Saharan Africa,,2004,389634397
Sub-Saharan Africa,,2005,387687456
Sub-Saharan Africa,,2006,388639537
Sub-Saharan Africa,,2007,389910636
Sub-Saharan Africa,,2008,389906349
Sub-Saharan Africa,,2009,397863771
Sub-Saharan Africa,,2010,393498317
Sub-Saharan Africa,,2011,394300539
Sub-Saharan Africa,,2012,399346303
Sub-Saharan Africa,,2013,400990587
Sub-Saharan Africa,,2014,400828211
Sub-Saharan Africa,,2015,411486589
Sub-Saharan Africa,,2016,417779542
Sub-Saharan Africa,,2017,419828419
Sub-Saharan Africa,,2018,419828171
Sub-Saharan Africa,,2019,424313686
Sudan,SDN,2009,5303990
Sudan,SDN,2014,4619590
Suriname - urban,,1999,65276
Sweden,SWE,1967,608989
Sweden,SWE,1975,40879
Sweden,SWE,1981,20775
Sweden,SWE,1987,20680
Sweden,SWE,1992,21108
Sweden,SWE,1995,21825
Sweden,SWE,2000,0
Sweden,SWE,2003,28999
Sweden,SWE,2004,34559
Sweden,SWE,2005,93591
Sweden,SWE,2006,31372
Sweden,SWE,2007,37584
Sweden,SWE,2008,50966
Sweden,SWE,2009,39804
Sweden,SWE,2010,46032
Sweden,SWE,2011,50313
Sweden,SWE,2012,43504
Sweden,SWE,2013,61162
Sweden,SWE,2014,45191
Sweden,SWE,2015,42945
Sweden,SWE,2016,25944
Sweden,SWE,2017,24978
Sweden,SWE,2018,70553
Sweden,SWE,2019,27601
Switzerland,CHE,1982,44573
Switzerland,CHE,1992,34003
Switzerland,CHE,2000,0
Switzerland,CHE,2002,0
Switzerland,CHE,2006,3485
Switzerland,CHE,2007,1572
Switzerland,CHE,2008,5237
Switzerland,CHE,2009,2947
Switzerland,CHE,2010,3808
Switzerland,CHE,2011,246
Switzerland,CHE,2012,717
Switzerland,CHE,2013,3412
Switzerland,CHE,2014,2683
Switzerland,CHE,2015,2530
Switzerland,CHE,2016,2870
Switzerland,CHE,2017,0
Switzerland,CHE,2018,2597
Syria,SYR,1996,310624
Syria,SYR,2003,156670
Taiwan,TWN,1981,0
Taiwan,TWN,1986,0
Taiwan,TWN,1991,0
Taiwan,TWN,1995,52554
Taiwan,TWN,1997,0
Taiwan,TWN,2000,0
Taiwan,TWN,2005,0
Taiwan,TWN,2007,0
Taiwan,TWN,2010,0
Taiwan,TWN,2013,0
Taiwan,TWN,2016,0
Tajikistan,TJK,1999,3102971
Tajikistan,TJK,2003,1766683
Tajikistan,TJK,2004,884027
Tajikistan,TJK,2007,651788
Tajikistan,TJK,2009,291152
Tajikistan,TJK,2015,348366
Tanzania,TZA,1991,18845932
Tanzania,TZA,2000,28886368
Tanzania,TZA,2007,24510942
Tanzania,TZA,2011,22671411
Tanzania,TZA,2018,27799164
Thailand,THA,1981,9335505
Thailand,THA,1988,7709667
Thailand,THA,1990,5183896
Thailand,THA,1992,3789920
Thailand,THA,1994,1843502
Thailand,THA,1996,1313060
Thailand,THA,1998,895803
Thailand,THA,1999,1580715
Thailand,THA,2000,1511940
Thailand,THA,2002,711531
Thailand,THA,2004,470923
Thailand,THA,2006,446086
Thailand,THA,2007,222174
Thailand,THA,2008,92002
Thailand,THA,2009,112329
Thailand,THA,2010,89281
Thailand,THA,2011,29753
Thailand,THA,2012,38029
Thailand,THA,2013,26726
Thailand,THA,2014,22058
Thailand,THA,2015,17608
Thailand,THA,2016,18809
Thailand,THA,2017,20657
Thailand,THA,2018,16706
Thailand,THA,2019,54929
Thailand,THA,2020,30355
Timor,TLS,2001,347198
Timor,TLS,2007,387564
Timor,TLS,2014,257863
Togo,TGO,2006,3258867
Togo,TGO,2011,3629033
Togo,TGO,2015,3745361
Togo,TGO,2018,1899514
Tonga,TON,2000,2484
Tonga,TON,2009,1150
Tonga,TON,2015,960
Trinidad and Tobago,TTO,1988,5201
Trinidad and Tobago,TTO,1992,39517
Tunisia,TUN,1985,1106392
Tunisia,TUN,1990,884061
Tunisia,TUN,1995,1078991
Tunisia,TUN,2000,583924
Tunisia,TUN,2005,343879
Tunisia,TUN,2010,212979
Tunisia,TUN,2015,27523
Turkey,TUR,1987,1102762
Turkey,TUR,1994,1698896
Turkey,TUR,2002,1370929
Turkey,TUR,2003,2555980
Turkey,TUR,2004,1360342
Turkey,TUR,2005,1589394
Turkey,TUR,2006,1217152
Turkey,TUR,2007,908279
Turkey,TUR,2008,397828
Turkey,TUR,2009,513792
Turkey,TUR,2010,559644
Turkey,TUR,2011,95129
Turkey,TUR,2012,69471
Turkey,TUR,2013,226338
Turkey,TUR,2014,158075
Turkey,TUR,2015,166775
Turkey,TUR,2016,161825
Turkey,TUR,2017,112466
Turkey,TUR,2018,33263
Turkey,TUR,2019,300855
Turkmenistan,TKM,1998,2198733
Tuvalu,TUV,2010,343
Uganda,UGA,1989,9768049
Uganda,UGA,1992,11960765
Uganda,UGA,1996,13334863
Uganda,UGA,1999,15481800
Uganda,UGA,2002,16502976
Uganda,UGA,2005,15789197
Uganda,UGA,2009,14235163
Uganda,UGA,2012,12351099
Uganda,UGA,2016,16394556
Uganda,UGA,2019,18146878
Ukraine,UKR,1992,1396452
Ukraine,UKR,1993,590497
Ukraine,UKR,1995,2469626
Ukraine,UKR,1996,2566132
Ukraine,UKR,1999,3533347
Ukraine,UKR,2002,727516
Ukraine,UKR,2003,266421
Ukraine,UKR,2004,217906
Ukraine,UKR,2005,98783
Ukraine,UKR,2006,45248
Ukraine,UKR,2007,36823
Ukraine,UKR,2008,4606
Ukraine,UKR,2009,25248
Ukraine,UKR,2010,1304
Ukraine,UKR,2011,0
Ukraine,UKR,2012,0
Ukraine,UKR,2013,0
Ukraine,UKR,2014,2894
Ukraine,UKR,2015,8878
Ukraine,UKR,2016,0
Ukraine,UKR,2017,10285
Ukraine,UKR,2018,4433
Ukraine,UKR,2019,0
Ukraine,UKR,2020,8444
United Arab Emirates,ARE,2013,0
United Kingdom,GBR,1969,129903
United Kingdom,GBR,1974,133415
United Kingdom,GBR,1979,126239
United Kingdom,GBR,1986,422086
United Kingdom,GBR,1991,138277
United Kingdom,GBR,1994,142713
United Kingdom,GBR,1995,143389
United Kingdom,GBR,1996,143304
United Kingdom,GBR,1997,144189
United Kingdom,GBR,1998,143620
United Kingdom,GBR,1999,145845
United Kingdom,GBR,2000,146143
United Kingdom,GBR,2001,140831
United Kingdom,GBR,2002,144240
United Kingdom,GBR,2003,147910
United Kingdom,GBR,2004,222749
United Kingdom,GBR,2005,316016
United Kingdom,GBR,2006,120443
United Kingdom,GBR,2007,163612
United Kingdom,GBR,2008,182271
United Kingdom,GBR,2009,107518
United Kingdom,GBR,2010,88491
United Kingdom,GBR,2011,239712
United Kingdom,GBR,2012,107601
United Kingdom,GBR,2013,102350
United Kingdom,GBR,2014,120963
United Kingdom,GBR,2015,96019
United Kingdom,GBR,2016,134650
United Kingdom,GBR,2017,196892
United States,USA,1974,1056615
United States,USA,1979,1123381
United States,USA,1986,1198234
United States,USA,1991,1263355
United States,USA,1992,1277182
United States,USA,1993,1298708
United States,USA,1994,1315085
United States,USA,1995,1331340
United States,USA,1996,1343698
United States,USA,1997,2042369
United States,USA,1998,2065689
United States,USA,1999,2087376
United States,USA,2000,2115076
United States,USA,2001,2135292
United States,USA,2002,2154071
United States,USA,2003,2893594
United States,USA,2004,2927708
United States,USA,2005,2954373
United States,USA,2006,2980544
United States,USA,2007,3011982
United States,USA,2008,3040177
United States,USA,2009,3065832
United States,USA,2010,3092426
United States,USA,2011,3112645
United States,USA,2012,3134005
United States,USA,2013,3146263
United States,USA,2014,3976476
United States,USA,2015,4006633
United States,USA,2016,3228750
United States,USA,2017,4063776
United States,USA,2018,3267702
United States,USA,2019,3280576
Uruguay,URY,2006,15667
Uruguay,URY,2007,11051
Uruguay,URY,2008,6225
Uruguay,URY,2009,6856
Uruguay,URY,2010,5121
Uruguay,URY,2011,3904
Uruguay,URY,2012,5104
Uruguay,URY,2013,5548
Uruguay,URY,2014,3924
Uruguay,URY,2015,4492
Uruguay,URY,2016,2573
Uruguay,URY,2017,1861
Uruguay,URY,2018,1926
Uruguay,URY,2019,3427
Uruguay,URY,2020,6401
Uruguay - urban,,1981,0
Uruguay - urban,,1989,15874
Uruguay - urban,,1992,14236
Uruguay - urban,,1995,13070
Uruguay - urban,,1996,13619
Uruguay - urban,,1997,16054
Uruguay - urban,,1998,17487
Uruguay - urban,,2000,15473
Uruguay - urban,,2001,12952
Uruguay - urban,,2002,15854
Uruguay - urban,,2003,20763
Uruguay - urban,,2004,24883
Uruguay - urban,,2005,22350
Uzbekistan,UZB,1998,9605780
Uzbekistan,UZB,2000,15149778
Uzbekistan,UZB,2002,14537565
Uzbekistan,UZB,2003,15743018
Vanuatu,VUT,2010,31046
Vanuatu,VUT,2019,25926
Venezuela,VEN,1981,936673
Venezuela,VEN,1987,1141737
Venezuela,VEN,1989,951542
Venezuela,VEN,1992,893715
Venezuela,VEN,1995,2056928
Venezuela,VEN,1998,2279791
Venezuela,VEN,1999,2644819
Venezuela,VEN,2001,2287404
Venezuela,VEN,2002,3896263
Venezuela,VEN,2003,4801210
Venezuela,VEN,2004,4097036
Venezuela,VEN,2005,3673955
Venezuela,VEN,2006,1792540
Vietnam,VNM,1992,37069694
Vietnam,VNM,1997,24247699
Vietnam,VNM,2002,30183716
Vietnam,VNM,2004,21416358
Vietnam,VNM,2006,15939857
Vietnam,VNM,2008,12177037
Vietnam,VNM,2010,3543107
Vietnam,VNM,2012,2449963
Vietnam,VNM,2014,2385669
Vietnam,VNM,2016,1690010
Vietnam,VNM,2018,1721227
World,OWID_WRL,1981,1924157560
World,OWID_WRL,1982,1935363446
World,OWID_WRL,1983,1930223887
World,OWID_WRL,1984,1882795655
World,OWID_WRL,1985,1840897488
World,OWID_WRL,1986,1807738681
World,OWID_WRL,1987,1787902067
World,OWID_WRL,1988,1727528355
World,OWID_WRL,1989,1916551761
World,OWID_WRL,1990,1916215708
World,OWID_WRL,1991,1928984458
World,OWID_WRL,1992,1909623611
World,OWID_WRL,1993,1890299243
World,OWID_WRL,1994,1859091429
World,OWID_WRL,1995,1778477151
World,OWID_WRL,1996,1717594861
World,OWID_WRL,1997,1732059060
World,OWID_WRL,1998,1773714857
World,OWID_WRL,1999,1736766652
World,OWID_WRL,2000,1692935741
World,OWID_WRL,2001,1665891982
World,OWID_WRL,2002,1607785610
World,OWID_WRL,2003,1551671901
World,OWID_WRL,2004,1456420492
World,OWID_WRL,2005,1356271262
World,OWID_WRL,2006,1324405747
World,OWID_WRL,2007,1262506999
World,OWID_WRL,2008,1226464619
World,OWID_WRL,2009,1186094202
World,OWID_WRL,2010,1092173072
World,OWID_WRL,2011,967991626
World,OWID_WRL,2012,918886573
World,OWID_WRL,2013,836638273
World,OWID_WRL,2014,814066566
World,OWID_WRL,2015,802312588
World,OWID_WRL,2016,791532090
World,OWID_WRL,2017,737976996
World,OWID_WRL,2018,691697100
World,OWID_WRL,2019,668130427
Yemen,YEM,1998,1146045
Yemen,YEM,2005,1887101
Yemen,YEM,2014,4717496
Zambia,ZMB,1991,4549155
Zambia,ZMB,1993,4862535
Zambia,ZMB,1996,4074451
Zambia,ZMB,1998,4325992
Zambia,ZMB,2002,5711038
Zambia,ZMB,2004,6742203
Zambia,ZMB,2006,7564584
Zambia,ZMB,2010,8955187
Zambia,ZMB,2015,9328490
Zimbabwe,ZWE,2011,2753654
Zimbabwe,ZWE,2017,4821064
Zimbabwe,ZWE,2019,5789669